id,password,username
1,d5aa4AsdO,ggolt0
2,HCeByMT,rcuddehay1
3,YffkBZ,anowlan2
4,ZJpyxy,jhatwell3
5,c7I4LAkVMIEN,vbullene4
6,75mupA,dtetther5
7,1hoUq2Q,cberetta6
8,TB5ziSGLU3,acleef7
9,BdZ1sipbGkR7,dfilippov8
10,XL8D3aK4b,ramott9
11,zRb3hUH99n,ajorissena
12,99ZgRKnw,hhunstoneb
13,vvUxiLFNRexI,rpatisc
14,vuf6Zt7C,lmottersheadd
15,SCdVno7,jandrate
16,Yfbt4Aib7SCQ,mochterlonyf
17,wbsLGjy5,amonrog
18,I7Y6IzBYR8,lsmalecombeh
19,uQBoPCNhOSw,cnorvali
20,BlxyUa9hVfxp,pscrowstonj
21,PWhZWFBLnJ,sholdforthk
22,fpePpRi81x,stubbl
23,qleL2n,knattrassm
24,DndWP7TvUUi,naynoldn
25,B8yDfWF,mgraineo
26,50iGlyjqptj,hbreep
27,ubNniz2Mn,ljakobssonq
28,cz34B0I,vroyalr
29,qnLT4h30,gupwards
30,5kNQdO,kbignellt
31,CUFPXcgIAw7,mcurpheyu
32,ZuuVLUPdQHyb,paughtiev
33,mRKzfwcmKqp,mdykew
34,di1ZlHpSk3,sbremeyerx
35,zMuNdl,covershotty
36,MjHuPABcTYs,hperrenz
37,YcMxwnoD5,wnajera10
38,Ce3qLBnHMtu,jspensley11
39,Gt4fKy,eaddington12
40,rmTqQbq,cnelthropp13
41,jq4OsPz,kchaise14
42,UipICPb8w,tkarleman15
43,ZFtmkNOw7b,hgutsell16
44,OCT6ZJLb75,eelven17
45,eJTc3T6sxb,mkimbley18
46,oYJp7vp,rgoodchild19
47,0DKPm3oT,ndumper1a
48,o1XO5dUlcM,kwhitmarsh1b
49,9LYqidmafKEG,kflorey1c
50,I627iLeObmlF,bcharkham1d
51,k88c2W67Vfz,kdalesco1e
52,ebCbh2DWN4Z,gpurry1f
53,EpFPINa,jenefer1g
54,bVQnRQ6,ksaddleton1h
55,zt6Xx3QJynJN,tdenyer1i
56,T3Mn4LY,egrigolon1j
57,cNfXst,mmarquet1k
58,H2sN68PY7,amulcaster1l
59,6BMllbRBhcvE,nsimic1m
60,bH3KLjq3x,dmarklin1n
61,sVNkF2Q6AU,dcurle1o
62,zpoxm2xfkbQi,lcheers1p
63,oRyzlu,krubinsaft1q
64,KmYlhMmg,mairdrie1r
65,8PwSht,kmaccawley1s
66,uPww17,gdellit1t
67,qvZFfAabV5Ln,mrzehor1u
68,SiE2LVNsdN,cpartleton1v
69,H8jOLVtRF8,kparkisson1w
70,IAMFEdT,pstockin1x
71,iDNgLsVjV0Qp,tdyde1y
72,oOODAJeh,dbambury1z
73,naGCFF5Qjlk,pelsip20
74,i9rltlNfBz,rbaly21
75,TYEL4yLv7GQ,agasking22
76,fTawl6SOm,mramelot23
77,jFoQZO,tiannini24
78,13x7QT,bdecoursey25
79,3PSLiHA,vkiellor26
80,yrkkefdzI,pmanicomb27
81,nLMnqBHLl2r1,mlantuffe28
82,7ndUozNB,jbarrett29
83,MEZvlHcwCD7S,jbrislen2a
84,peT8IGEi,kyonge2b
85,sicn4oYpjl8F,udurrell2c
86,M8uuPU,agamett2d
87,dP82lj,shackwell2e
88,zjRRDm,lkitman2f
89,n7StrbvuGw,smccoid2g
90,cA7SjY,pshaves2h
91,RczoMBc,lmatusevich2i
92,iYCv82984D7,jjorin2j
93,LLa617qUb2yD,vslisby2k
94,dz2sI1kOYYvm,vweetch2l
95,tM7qM1,ayarrington2m
96,selW0qQ4,rcharlewood2n
97,F0EBVlKF3,gchicotti2o
98,9a9bklL7,srisbridger2p
99,x5JYELqi,frimour2q
100,ZdlOq8yQsz1Q,tbjorkan2r
101,ApdppY,pswiggs2s
102,dSt8FUDSs,abogie2t
103,DvDc9PHpQauq,otingcomb2u
104,0ZUpODKMzK,owiburn2v
105,X8ssVQ9pBBqwqCegrU4,aeaglen2w
106,0HhxaOZ,gnovic2x
107,RKKPC2o,jdurrad2y
108,1CIHAAbOBFHb,kdoohey2z
109,nrHPTvxiUdI,scadore30
110,YVwmtSf,lbacken31
111,JzanViY,aantonomoli32
112,vAxWtmNzeTz,cwoodson33
113,yCmCSDt,nangus34
114,Aw2jKXtK,dcarillo35
115,gdJ1gC,mbeams36
116,zJnDn9nkm,erebbeck37
117,Xu6sQ2TySy,dhayles38
118,11YpoDtzqtEio,msirmon39
119,vjlYF6,grosingdall3a
120,QKy8wj,goller3b
121,Y7W40VA60,ageater3c
122,1DTCAEtk,hmckenney3d
123,XWQSKa7w,jpinchin3e
124,C62O8Pj00JzvqwYEQw,tbelsham3f
125,2jFnTh,fshorland3g
126,s88n0Xjil5NE,dbollon3h
127,Z2WgzYZCK,tfarish3i
128,0mpoPg,jgrime3j
129,gOpec6utY,cdanelet3k
130,NQ5Lcl2e,pprier3l
131,GVKLSAS,akintzel3m
132,RaoZND,ewaszkiewicz3n
133,FAybJEZHL,sspensly3o
134,S1ZJtc9lr0,wgarstang3p
135,GlXz0qNGZqLxbEQi,imaken3q
136,DzEe0oU7bo,vfitzgibbon3r
137,FaSwNLJZ,enealand3s
138,9Ej9LBd9ta,mfeak3t
139,jo3tsx8,mtansley3u
140,chvc0I4Z,tcooley3v
141,0YcxNI,mkeat3w
142,QcFPSqceHE,rcapelow3x
143,aqMyU57aej,dcay3y
144,6tO9qfkGSB,cmatz3z
145,ccYUcXuC,alegood40
146,zVoSERnE,sgandy41
147,LaSwLqy,ncrispe42
148,qxheKXkLOD,rleal43
149,7x0uU8A27HGh,dbewley44
150,FgRhdSnYi1b,rperillio45
151,X9HSjq0YsqqD,ccreber46
152,370LCFqiKGI5,gborell47
153,a6Bv9jVv,rsalvadore48
154,bS1OimlgK1,lgopsill49
155,brJ8vNujv8Bl,bdanbye4a
156,2Ok2Rs,cdrummond4b
157,LuVbx7EgQIc,afarbrother4c
158,o9hXaWaN,dsussex4d
159,EL18dZ848pI4,ldeplacido4e
160,gWVZA4jis,tchillcot4f
161,0Dh8m8oXD0g,ddehn4g
162,t8mywB,eabercromby4h
163,Kl95P7Y6,gshilton4i
164,2dOQOzQvqHruqSmoU,acallister4j
165,DUgJg898hoW,bgeist4k
166,uImLZJlw1,jgouny4l
167,EnCrV18,lshenfish4m
168,TqIvjCD6jqr,nlewtey4n
169,xmZxTZfoN,tderrico4o
170,PRrS3Y2T,cmacgaughey4p
171,ysoWvcZpF,asandwick4q
172,gPW6wRr,jgooding4r
173,JblsSJt0,omethingam4s
174,l91fDlZkqYwi,dbayldon4t
175,IWR8Yc,omayne4u
176,2mhRf8,lbrislawn4v
177,f2aj8QMs,jtroy4w
178,oOcJfHP2q0HK,ssprowson4x
179,QggjlKJ1O9,aloghan4y
180,zmQXULrjgys1,tzettoi4z
181,5tR3Rtzg,lmatfin50
182,BP8nXW72,lputtan51
183,av7J3k5ixG,kpandie52
184,LUApFkbr4iyC,fleversuch53
185,RTN2lh,kcarverhill54
186,J5vzNrWt,rcrips55
187,2tYtTPccUTn6,sbrekonridge56
188,QmCgZBeT,cabramovitch57
189,dspybuCy,cshakespear58
190,9pkVUgMXnwh,ghacquoil59
191,oAoyU7,dsherewood5a
192,Lgq005Q5,mpedwell5b
193,C3KpKMrQzkWq,rmerricks5c
194,xKJJHF0mNI3,jstannard5d
195,IGi1Do,wbevar5e
196,Fynp5DSN3dP,kharbor5f
197,CryC3uz,jhearnshaw5g
198,jISOsz,ychaney5h
199,N3zxM0,ketuck5i
200,CRujqHeDdPBqCwrqY3,cdelabarre5j
201,WoeyphFSJPqa,bboas5k
202,oiVGx40PaQ,umccrory5l
203,yQdnBrmpa,mmccarroll5m
204,SxM4jZxmM4q,eortzen5n
205,gU6aQlsJng6k,cgreenslade5o
206,jlNXaRgYzzBT,ttrapp5p
207,grU1rB,wwantling5q
208,1C7ODH5FMu,tboeter5r
209,3R7syHWfq,lbenedettini5s
210,i69BUusT,rdarnborough5t
211,0Why2hZ,lstedmond5u
212,3SH25b,folyfant5v
213,cxGhzh,mswinburn5w
214,WWpbZzpcn,smurrison5x
215,ay5mkzOB1qbK,jgoldson5y
216,8tiIJ1eIBBR,mfellowes5z
217,8nhKoiUW,rtranter60
218,oHQPQVc3T,lmaccardle61
219,xhw58rdjjbu,adalgety62
220,nZMG8tUBn,mparnham63
221,WXKCb9CGO,lszabo64
222,y3Li13uXtc,dlidgertwood65
223,hLtaEkpVIz,deland66
224,fOW7Xihowci,wscarse67
225,AQDh4LNYt1Lr,itunno68
226,lFkKA3vFsc,statlock69
227,dzin6Ay5T2,mleneve6a
228,CNkZRR,dpentlow6b
229,0XU6zTaMIN3,egomersal6c
230,gDNzkCp,cholberry6d
231,u3VMHoaQhWY,cmctavish6e
232,ac4CId,rlacoste6f
233,7TrPWjiBFN,mgillingwater6g
234,83YhicDMgL,dpiwall6h
235,bK4XLZsZTJmC,bacomb6i
236,7UUpfvtsF,crushford6j
237,rTbdWz0,ssavage6k
238,9bVHfAYueLy,fcrownshaw6l
239,1w5MYz0JOx,atemblett6m
240,x9Hzpx5xNBh,rsoar6n
241,s64mwG4K,acunnow6o
242,O7gXy3EQsIjN,tguerriero6p
243,1FZdqUFq,ciddons6q
244,fTKsMRH,kfarny6r
245,OcVQ9s9q,apridden6s
246,dFVMKLyva1B2,gcrilly6t
247,g6waOvn93,dwillcot6u
248,FRnxprU7eDrT,flondsdale6v
249,Slj7pM6BNSml,psuggate6w
250,LSeX55,backeroyd6x
251,CUPOUQR,pcristofolo6y
252,wMSKoINQ,dleggon6z
253,F12BImz,gambrosini70
254,H7BkaIj2Q,bjohananov71
255,Du2oXeh,jstancliffe72
256,57YHXASs,cfeathers73
257,jz4wUPB,vwallach74
258,2SFHAzIrVCXB,apashley75
259,m01Nwk,acoonihan76
260,GxY7UO0SYM,mziemke77
261,6yuhmMI5yEg,atrevillion78
262,sr9lx2MKM5,jcholmondeley79
263,eoVviep0ne2,nwoolatt7a
264,GwdSPbHG,chumburton7b
265,vVy19PQpCR,ljurkowski7c
266,ePhYXs8WXSy,njanoch7d
267,isDjRzJO0m,nsiberry7e
268,l85dPDsG,dzink7f
269,U5oc4WTWL,jcaffery7g
270,uJGyQQ4P7K,stoseland7h
271,5E9LcDw,aley7i
272,at3Jqpb,aklagges7j
273,Yv10bkzl5,phavill7k
274,DcJqBQ8tNj,efane7l
275,h4zHMeTSlUlF,fyemm7m
276,C5y57NmgRgF,sknapman7n
277,k6fswegavlD,bsamper7o
278,KwAlhud34K,nruddick7p
279,liI8jCWp,mchampionnet7q
280,Adv05svDlXh,hgrigorkin7r
281,TcAKwiiMQ,lyerrington7s
282,K7zVok4e8M,bsantorini7t
283,l0tPHvPDyCHT,jslyvester7u
284,tEtnmk,peve7v
285,DNADSMKlON,plicari7w
286,6wOj7tR,tcoltart7x
287,lQS02fG0mf,vfrancklyn7y
288,xCOgYQT,cmcinerney7z
289,AYNa74FP3uJ,cleuty80
290,zAfSoVB,ntaile81
291,Rqxjh9feYq,adodridge82
292,ehoq0dN9,tnanninini83
293,mcoVxZjl0h,ezanini84
294,0Q5FUIORNGlE,rdonaldson85
295,nrvQhK1zbr,rnicol86
296,txJlWG,eworstall87
297,P2L5HiL9,ldews88
298,8vIply,bcaukill89
299,c2Bx2YT,hpardey8a
300,6okFtz0osU,wwhelan8b
301,IOEb1fTxQ5C,pdyas8c
302,VBsagOv4Z,gmclaughlin8d
303,Cj7XhH17,mbuzek8e
304,i4ftul,lwisher8f
305,NyARpxVzvc2O,mgomby8g
306,B3qJiYCLaC,dghilardini8h
307,r1rFcB7CKF,nharbertson8i
308,ELK0wr,jduckworth8j
309,8afLClFPb2bj,jripper8k
310,EB90mJKzqL,vdummer8l
311,9CXHdYatMr,aspellsworth8m
312,9g5ca9bYdXpn,hdoles8n
313,Tel1OGhgVXg,mflohard8o
314,7t6p8ouoFZP,brothwell8p
315,sB0YZrJIwBW,vcassie8q
316,NlmSXelwUsx,ghuncote8r
317,SnjPchg,baldwick8s
318,2arbHm,churche8t
319,S7wgeo,mrichardet8u
320,FlIpnWB,cliff8v
321,K20vRG1Zx,hgrebert8w
322,uBpvtht9,gbiggin8x
323,BzDkx1Eu,acabera8y
324,OwhKky,hrothman8z
325,kjISKqh,mgossling90
326,eaTiReKGBG,sjohananoff91
327,DwgRYhkY6b,gbullimore92
328,r30YwC,asandcroft93
329,EwuOCj6j,shaglinton94
330,YAYp50Em3C85,isplaven95
331,JNde8CYIM44Q,nbostick96
332,UxnVBOODK1,bsiddele97
333,R5gJEd,fhallawell98
334,Ct80LokH,ghans99
335,hgfG2ny,shairs9a
336,AisOOrc1,cjohnsey9b
337,y1n9vbDOr,jdenrico9c
338,hc2eoL2KmNO,lolman9d
339,nMf6vluECN,qairds9e
340,iedQVVq,hkilfeder9f
341,f3tzeD,aeldrett9g
342,hx4Pkb9,acroizier9h
343,3uEW5B,amcmeyler9i
344,7KS77gOeb,hjessel9j
345,wH9C5kEP,jsandeman9k
346,7oJfIJoJp770,bmaddison9l
347,q7fz6F4xqmNg,bdifilippo9m
348,vkYsuPX,dwybrow9n
349,6q6XrJMSGy0,tlorinez9o
350,4cUQ4OP,gkumaar9p
351,Dp8JkSs2Nj,sklejin9q
352,MJK4F0Hkhtp,vjerromes9r
353,4jUt1wCNVNL,nbools9s
354,nlteUMEMNyiV,dshortland9t
355,6OTkERT3,eplenderleith9u
356,seATySh8mS,bmanna9v
357,p1VhYYNu,zbownass9w
358,OjRmPpbdYf,cmesnard9x
359,liC6JWDeWfXo,gkenson9y
360,RjTpHWteOA,dsolomonides9z
361,JrIKioPT8,tdunstonea0
362,VYQFFU1zjhT,lreingera1
363,uHEHRkv,strowa2
364,cxgpIQ2,lduseya3
365,oZf02FvAe,dstevania4
366,0kAL2g1YwV,tblunderfielda5
367,DdNo5Q2rO,tsteblesa6
368,dzyWCE1UVhv,nalbina7
369,Vlh0baMe1nh,dspenclaya8
370,tyrIasM5vR6,pdunkersleya9
371,CcSX0m,dogelsbyaa
372,0zoMPfP4Kry,cgabeab
373,ySyWolDmOEXp,ddibartolomeoac
374,cxxkP7jER6s,chunnicotad
375,J38ivfJed,acornforthae
376,ACbiEym18x,dsarahaf
377,twDf0u,gdetocquevilleag
378,YmICBE0ut,lbatteyah
379,CrnYAXD6heqU,sclilverdai
380,Boe0cqN,lfruchteraj
381,N6y6anpZFn9,vmallaboneak
382,Xf7BodzxxSx,djurczykal
383,FgaunKpXpdGc,rnewsonam
384,9wLMms,psmithermanan
385,NPkTWDNoCp7,njulianoao
386,aycQSmi,jlydiateap
387,JnO7Ahs4X3,tgippesaq
388,SNOKVI0,hjirusar
389,lvfBTwLbNU5c,kdalgarnoas
390,ZEd9T1ztzN,penderwickat
391,ZdpWuWtodF,lwasielaau
392,RVcZRGwpG,sjillinsav
393,6lSf6uad8,atoplingaw
394,zAMvxyKBWU,btuffinax
395,w1CxTyGeIPD,ltheuffay
396,D8Gbl8mnxg,lspikinsaz
397,kLLxorKfd,profeb0
398,cdXAJAR,sberrymanb1
399,0hdeFiZBRJ,ajefferiesb2
400,6rl6qXSJDrr,hkibblewhiteb3
401,DuYMuI,dtremayneb4
402,fwbk0Vgo,bflewinb5
403,92Fb3vBF5k75,kmolineuxb6
404,zzh9wheBjX,fjosefsb7
405,sAGTlyBrb5r,tmiskellyb8
406,3uUPdL,nallrightb9
407,fp2LW0x,hlevermoreba
408,IKhg7D,celgerbb
409,Tjyu2Ch2,frustedbc
410,NgKgdeKRVEK,imeneghibd
411,wGWMg3d,vgouninbe
412,ruTxBc2n85,cbartoschbf
413,ZydELwZFV2,lcordonbg
414,ROfVmvZSYS,dappsbh
415,B4SBGt5yAD,zduchanbi
416,zhE95JJX9l,jfraybj
417,nXSVHhVW9S,mlanchesterbk
418,NCeU070,cgylesbl
419,WzkvfoedkXJx,cbonnifacebm
420,ktPBpK1,btoppasbn
421,8fCXE6BF9gj,mdurrettbo
422,cSAjOy,skilroybp
423,HLUHZ9oQ,uvonderemptenbq
424,gTc7TiSsd2,dvinsenbr
425,7yQ0b1B,ltiltbs
426,SXD1eC6ysa,dsimcoebt
427,bgb084kq,wfrailbu
428,NsJFz4DLpI,lmityukovbv
429,7JVPatN,vkellarbw
430,yuTnSPEvIoJ4,rkingstonbx
431,L3ttm8,rbakewellby
432,vyae6t,dbousteadbz
433,iA4AD4UlcLF1,vstaddenc0
434,VlyIAh,rwhacketc1
435,IpsnIEbIaT,tnoorc2
436,UPU9rZu8q,dduffync3
437,xuUXUFXoc,dstichelc4
438,yTuqouj9ZK,kcleverlyc5
439,QDneobZ1DH,sreinertc6
440,OdrnoHtrP,mcottinghamc7
441,c3KvR6,ljansemac8
442,GMbFP9,acodac9
443,zIZ11OPuj,rhuggardca
444,XCX2GVx,gkeechcb
445,nJQgYR2uOyZq,syurincc
446,AQlFlPvf,agaulecd
447,zj6vR6Bf,wboijce
448,eL5uJnLD2,kphifercf
449,7HEMdTc07,abenglecg
450,VbzVZoYn,emarkingch
451,wln8WN3PJ,nmuldowneyci
452,3AcKBTHRN,jbygrovecj
453,32ZXql9Uw8,bduxburyck
454,2pnBsk6i,fthewcl
455,JxcEXKAN,kmeececm
456,rkyCMLwOIt,bholligancn
457,KlxQ4Vxl,bferonetco
458,OFc5f2,jcraycp
459,SsLMTxbw,hethertoncq
460,nUpdnCZW1cqr,cclayecr
461,0I7ldSNbm,tmcbreartycs
462,gqQeawiZ,oderuggieroct
463,djQBjW3pk,rdoerscu
464,G9FarmKd,karbucklecv
465,lXCoFI,bbuckbycw
466,WAMRuFTTI3,ldixseecx
467,diVq6PDeEpz,jmahedycy
468,bV6cXPOFfLg,gdamrellcz
469,dCrF5fv,sgarrettd0
470,Q4gYmlM,plaurenceaud1
471,SnvFrSB6AB,kmcgeacheyd2
472,qiehVyQ,mhopewelld3
473,At9A4aCJos,chottond4
474,8T9v08352re,hsellandd5
475,y8chyGC9js,syegorkovd6
476,ghMz6e68c1Z,adavisond7
477,00S7q8S1f8W,amewisd8
478,2rruluVz0SwY,lorpind9
479,hXaVYfHUZoz,jbilovskyda
480,j7GAP4v,jhalforddb
481,0MM46yTEVBL2,wcolisbedc
482,QUDViFUxO,cgreastydd
483,YGcBpM,ajackde
484,2js9AM,cmcgarritydf
485,oJ38KUXgm,tjostdg
486,KP9DmIk,lguidendh
487,qNYURfhw,mbletsodi
488,jDmbnZJi,wsneesbydj
489,t8xlAuAvH8Yj,glerouxdk
490,TTin1up,yhaythornthwaitedl
491,0ftVkbqP,nzmitrovichdm
492,Kwcozh,jgodballdn
493,TWnwDTB,jkiddeydo
494,IxQgXLrw,acaghandp
495,AxuOsAA0lqrc,rattestonedq
496,GCpyVf,mmichallatdr
497,YnPCjKg,rgaitoneds
498,NOYhOlnC,krobbekedt
499,pjSBcAVD,nknollerdu
500,5RigTGe,wshemeltdv
501,jwKMTMu,rpeperelldw
502,4qfwbKNed3I,lbescobydx
503,qSX9N1Kf8XJ,jparishdy
504,AoIrka,jminghidz
505,Ft4xVROXXCd5,nforthe0
506,x3WIaoX99yb,tklemensiewicze1
507,hXcrFv,epotterye2
508,6ZtJhp4col,lbrugmanne3
509,bqItfg4wf,adencse4
510,5W4lM81DPo,cfloreze5
511,IT6p5HT,amatanine6
512,0Q6T9jvAZB,fchalkere7
513,M7lvtAz6oRNS,rytere8
514,MpO7FgPoz,cstillee9
515,8rIuhW0VZ,cbashamea
516,OS15i4,flyeseb
517,Usl7mH2H,gtieryec
518,WDAliOAKFj7f,sborgheseed
519,iwpk0YC,hmctrustyee
520,lN8d6g1,wvigeref
521,nuwPbeTIgX8F,nbockeneg
522,LvBDyc9JRPV,ffranzmaneh
523,ncpiXJX,drippingaleei
524,vQUTz2xEyWx4,achambersej
525,wQcbURC,fsuarezek
526,irTEDl2k,kaspoleel
527,H6WyTMdy,mmursellem
528,pukixtg,szecchinellien
529,Or6dtgSGmd,cnewlineo
530,VhkvlZO,cmccrowep
531,slncO0kvmb,shavershameq
532,svJ4749mzdJ,jtumeltyer
533,weR5eukJOX6C,cmathivates
534,rp8sqUpw,btarzeyet
535,8T7UFX,fstedmaneu
536,SkuuzEsAZ,mgaitoneev
537,RIs9MA,zscotlandew
538,ttKwcGDELB,dfurbyex
539,PVVOkQqHVdU,sdallowey
540,Szh74h,lmccormackez
541,wMkLVr0,arenneyf0
542,4Bux8MCHXS,lbodegaf1
543,ZXIOChbv,rsantostefanof2
544,PcJPLBJf,mvaissieref3
545,kgjhKzMWYakS,csolwayf4
546,p69xguJZe,pwaddingtonf5
547,ntswwsY,kchaffeyf6
548,lh0Llscj,zgooblef7
549,uqzWk2PYLJR7,pwassf8
550,eIZQxLh,bmcclenaghanf9
551,IDp96W1RUb,bhaddintonfa
552,Z7MGodFb,rblesingfb
553,caw1QQ1,mblownefc
554,QpPSspEWus,lwhitlandfd
555,u6ZBlHvmId,lgoftonfe
556,BvZ0JJNVWCX,vdubbleff
557,Ih1thIl,dfrenschfg
558,jmjhYpmgg,gofarrisfh
559,LFXCNqt5hN,kpipkinfi
560,tofKHos,sshilstonfj
561,fCMRSGm4BzNQ,lstanistreetfk
562,zFdwNg16yCdB,ktomasellifl
563,qJhjNz0sK7Z,fmarkhamfm
564,wmd4CD60,bledingtonfn
565,mZjvZC,yzettoifo
566,7MeBiB7,coganfp
567,VCV8FqINn,sdibollfq
568,OsZxivx,blampkinfr
569,HVBEN4,mfachefs
570,m9R8setEC,kburelft
571,q1SivtRlbetm,bgrimsdithfu
572,fRnopRDUrds,ctolemanfv
573,eZ3TzXtdD,awhiteheadfw
574,Uh2kDLMNFeej,mchislettfx
575,Ln6WDY,lreichardtfy
576,kGBl9CgCPcGF,bjossfz
577,TuK60tJ,hprevostg0
578,mwTGls,rpritchettg1
579,Ym2cHtkuW,dantonssong2
580,axZcgE9T,gmantrupg3
581,6LFtl39ggEtI,dsimioneg4
582,79hJw4u,lmiddleg5
583,UdPazP,amcquorkelg6
584,hFdDjfcdwCja,mellwandg7
585,w9Copz4,ddunbobing8
586,K67Hs5,cszabog9
587,molOCywSVk,cdorbonga
588,wWQpqk,fridgwellgb
589,Ipmq9QvTymr,ksiregc
590,7v4eltt3Kuw,hwhardleygd
591,ctvNF49tuT,hpoppletonge
592,hFgxHo5Xp,aghidoligf
593,g4St9w,fstilinggg
594,DTSos9KOFhIO,ebodechongh
595,0lj1adMG,rbennellickgi
596,kNEDmUrVp,gnaldergj
597,8kt6CKNTc,preygk
598,Khmoz3bGQiwo,cjigglegl
599,2UrQCd16gtqN,aburgisgm
600,yQrAEzZxK,nluddygn
601,TeFpfcTSt4K,lcluttengo
602,Q8vHxue1,laseefgp
603,8sNg5H,wdovergq
604,BB2ymU,bjackesgr
605,CTCPBoG,sphebeygs
606,KoM1f3mmxlC,hhushergt
607,H9fzdE,dmowatgu
608,OQ4Axwb,vgoodhandgv
609,zo9YGPcnoFY,vcocktongw
610,wNfgrMLd92,afrackiewiczgx
611,L70zF2,wmccorkellgy
612,vjlPxrlrB1,mbaldersongz
613,1fDBrk,jdovingtonh0
614,NVQobq,tlunneyh1
615,4IHZylSa6uSk,lwaulkerh2
616,6mqTbfJcyB,nceccolih3
617,BtdoQGpOg,aworsnuph4
618,HA5wRx2Xkt,pwheelhouseh5
619,rsQIXNF4p56t,ashearsh6
620,DD87MyB,bhendriksh7
621,EqEt2NXw37Q,tgrovierh8
622,oN9I8Sf,kspanswickh9
623,HkZs0YLv,krattrayha
624,LTSB3oaxy9,anorcockhb
625,2lOIMadSDW2,kneathc
626,2YDcmeZaKwig,ajaggarhd
627,7pA32uFwx8eh,krossbrookehe
628,yoWnriWXeTc,lpavelhf
629,OglY7vT0Pyn,agaitskillhg
630,GBCtL62Xa,bmylechreesthh
631,JdHOJPdpZV,hsimenothi
632,PT8RllCQ,bbrunihj
633,bJR3DOVL,sroysonhk
634,yoJwhOI,bmarrinerhl
635,tfncTGLw,ataillanthm
636,dBcYuQwU,acassamhn
637,s6QjWpLo,kfruchonho
638,LTbmsk6T,kdenyakinhp
639,xrbjFjA8p,mhundyhq
640,gaMmTSLHkMZE,zcatchesidehr
641,VH3FsbYfk,anorcrosshs
642,YY6hmavoD,kklavesht
643,kElKt4,bloghanhu
644,4eHrdt5Z,ekayzerhv
645,2QZrPJ2,jovenhw
646,t0xmZtLTXa,gboayshx
647,09jD21OoQ,asuermeiershy
648,OBJZD6f,msambidgehz
649,Cc4QOkuSvrF,bhuertai0
650,kSKBUj8,oboatmani1
651,BIkqvmX,rtamblingi2

